S.No,Supplier Name,Supplier Parent
1,WELLCARE HEALTH PLANS,
2,BANK OF AMERICA,
3,MCKESSON,
4,DIGITASLBI,
5,OUTCOMESMTM,
6,POSTMASTER,
7,HEALTHFIRST,
8,CONDUENT COMMERCIAL SOLUTIONS LLC,
9,MARSH USA (L),
10,MARSH USA(TREASURY),
11,DATALINK SERVICE FUND SOLUTIONS LLC,
12,QUEST DIAGNOSTICS,
13,UNITES STATES POSTAL SERVICE,
14,"REPUBLIC SERVICES, INC",
15,PITNEY BOWES PRESORT SERVICES INC,
16,AT & T,
17,WILLIS TOWERS WATSON US LLC,
18,TAYLOR COMMUNICATIONS INC,
19,"RELAYHEALTH, INC",
20,TAYLOR COMMUNICATIONS INC.,
21,INSIGHT DIRECT USA,
22,PARALLON BUSINESS PERFORMANCE GROUP,
23,SAP AMERICA INC,
24,"TAYLOR COMMUNICATIONS,INC",
25,"SAP AMERICA, INC",
26,BON SECOURS ST MARYS HOSPITAL INC,
27,HENRICO DOCTORS HOSPITAL,
28,TRANE,
29,OUR LADY OF THE LAKE HOSPITAL INC,
30,AT&T,
31,OUTCOMES MTM,
32,MCKESSON MED-EXTENDED CARE,
33,"COMMISSION JUNCTION, INC",
34,ARC DBPCFBR001 LLC,
35,COVERMYMEDS LLC,
36,VERIZON COMMUNICATIONS,
37,UFCW HEALTH & WELFARE CENTRAL OHIO,
38,QUEST DIAGNOSTICS CLINICAL LABORATORIES INC,
39,LEWISGALE MEDICAL CENTER,
40,UFCW EMPLOYER HEALTH & WELFARE FUND,
41,SAATCHI SAATCHI NORTH AMERICA,
42,KROGER PHARMACY,
43,US ECOLOGY,
44,TZ INSURANCE SOLUTIONS LLC,
45,FEDEX EXPRESS,
46,SEDGWICK CLAIMS MGT SERVICES INC,
47,ASCENSION VIA CHRISTI HOSPITALS WICHITA INC,
48,BON SECOURS MEMORIAL REG MED CTR,
49,"GLOVER PARK GROUP LLC, THE",
50,BANK OF AMERICA N A,
51,OCHSNER CLINIC FOUNDATION,
52,RELAYHEALTH INC,
53,BON SECOURS MARYVIEW MED CTR,
54,OCHSNER CLINIC LLC,
55,MERCY HOSPITALS EAST COMMUNITIES,
56,LEXIS NEXIS,
57,INSIGHT DIRECT USA INC,
58,TERREBONNE GENERAL MEDICAL CTR,
59,SECURITAS SECURITY SERVICES USA INC,
60,MCKESSON MEDICAL PRIMARY CARE,
61,LEXISNEXIS RISK SOLUTIONS,
62,UFCW LOCAL UNION & EMPLOYERS PLAN S,
63,CALLIDUS SOFTWARE INC,
64,VERIZON WIRELESS,
65,BON SECOURS ST FRANCIS MED CTR,
66,ELSEVIER INC,
67,INOVALON INC,
68,HEALTHFIRST HEALTH PLAN INC,
69,UPTODATE INC-,
70,MERCER HEALTH & BENEFITS,
71,FEDERAL REALTY INVESTMENT TRUST,
72,ARIBA INC,
73,BAPTIST HEALTH OF SOUTH FLORIDA INC,
74,BON SECOURS RICHMOND COMMUNITY HOSP,
75,"INFOR US, INC.",
76,INTRADO INTERACTIVE SERVICES CORPOR,
77,SCP 2003D-GL-33 LLC,
78,TAU SOUTH LLC,
79,COLE OF GLENVIEW IL LLC,
80,CENTRAL OHIO UFCW RETAIL,
81,WEC 2000B-GL-7 LLC,
82,MCKESSON MED-SURG MINN SUPPLY INC,
83,PURCHASE POWER,
84,SPOTSYLVANIA REGIONAL MED CTR,
85,UFCW UNION-EMPLOYER H&W FUND,
86,OUR LADY OF LOURDES MEMORIAL HSPTL,
87,ALBERTSONS LLC,
88,MCKESSON MEDICAL SURGICAL,
89,SOUTHERN CA UFCW UNION DRUG PENSION,
90,MERCY HEALTHCARE SACRAMENTO,
91,LEXISNEXIS RISK SOLUTIONS FL INC,
92,REALTY INCOME PROPERTIES 28 LLC,
93,TRAVELERS TRUSTEED EMP BEN PLAN,
94,THOMSON REUTERS TAX & ACCNTNG - CHC,
95,THOMSON REUTERS TAX & ACCOUNTING INC,
96,LAW OFFICES OF STEPHENSON ACQUISTO & COLMAN CTA OBO,
97,ST BERNARD PARISH HOSPITAL,
98,TAU MIDWEST LLC,
99,VERIZON,
100,OUR LADY OF THE LAKE PHYSICIANS GROUP LLC,
101,CONDUENT MEDICAL CLAIMS MANAGEMENT SOLUTIONS LLC,
102,JOHNSON CONTROLS,
103,UFCW EMPLOYER PENSION FUND,
104,GLOVER PARK GROUP LLC THE,
105,PNC BANK,
106,CONCUR TECHNOLOGIES INC,
107,OLIVER WYMAN ACTUARIAL CONSULTING,
108,BON SECOURS MARY IMMACULATE HOSP,
109,RESERVE ACCOUNT,
110,PRIME HEALTHCARE SERVICES INC,
111,INFOR (US) INC,
112,PRECISION STRATEGIES LLC,
113,LEWISGALE HOSPITAL MONTGOMERY,
114,FGS GLOBAL US LLC,
115,STREET RETAIL INC,
116,CINTAS FIRE PROTECTION,
117,UFCW LOCAL 655 WELFARE FUND,
118,TAU WEST LLC,
119,MERCER INC,
120,KANTAR LLC,
121,EXCHANGERIGHT NLP 32 MASTER LESEE L,
122,LAW OFFICES OF STEPHENSON ACQUISTO & COLMAN CTA,
123,MEDICAL SPECIALTIES DISTRIBUTORS LL,
124,THE GLOVER PARK GROUP LLC,
125,CT CORPORATION SYSTEM,
126,REALTY INCOME PROPERTIES 27 LLC,
127,CARDINAL HEALTH 200 LLC,
128,THOMSON REUTERS CORP,
129,REGENTS OF THE UNIVERSITY  OF CA,
130,ADVENT ADVISORY GROUP LLC,
131,OUR LADY OF LOURDES REGIONAL MEDICAL CENTER,
132,WEST HEALTH ADVOCATE SOLUTIONS INC,
133,SECURITAS TECHNOLOGY-,
134,ARC DBPPROP001 LLC,
135,SAFEWAY INC/PDA FAC 9875110101,
136,CHRISTUS HEALTH CENTRAL LA,
137,"QUALTRICS LAB, INC",
138,BRIGHTSTARR US INC,
139,LAW OFFICES OF STEPHENSON ACQUISTO & COLMAN,
140,WEC 2000B-GL-30 LLC,
141,LINEAR RETAIL CAMBRIDGE 1 LLC,
142,LEWISGALE HOSPITAL PULASKI,
143,LOOMIS FARGO & CO,
144,REALTY INCOME TRUST 4,
145,SECURITAS ELECTRONIC SECURITY INC,
146,AT&T MOBILITY NATIONAL BUSINESS SER,
147,EXPERIAN MARKETING SOLUTIONS INC,
148,EXPERIAN HEALTH INC,
149,MEDICAL SPECIALTIES DIST LLC,
150,VEREIT REAL ESTATE LP,
151,REALTY INCOME,
152,TRAVELERS PROPERTY CASUALTY,
153,SOUTHSIDE REG MED CTR,
154,INSIGHT,
155,REPUBLIC SERVICES INC,
156,WOLTERS KLUWER HEALTH INC,
157,PRIME HEALTHCARE SERVICES - ST CLARES LLC,
158,QUEST DIGNOSTICS INC,
159,THE REGENTS OF THE UNIVERSITY OF CA,
160,FEDEX FREIGHT EAST,
161,UFCW LOCAL 770,
162,EMMI SOLUTIONS LLC,
163,CONDUENT HEALTH ASSESSMENTS LLC,
164,CHRISTUS HEALTH SOUTHWESTERN LA,
165,AT&T MOBILITY LLC,
166,QUEST DIAGNOSTICS-,
167,LAW OFFICES OF STEPHENSON ACQUISTO & COLMAN INC,
168,LIPPINCOTT A DIVISION OF OLIVER WYM,
169,FEDERAL REALTY LAUREL 500-1235,
170,KANTAR RETAIL,
171,SHARP GROSSMONT HOSPITAL,
172,INTRADO DIGITAL MEDIA LLC,
173,LEWISGALE HOSPITAL ALLEGHANY,
174,EXCHANGERIGHT NET,
175,CARDINAL RX,
176,SAPIENT CORPORATION DBA RAZORFISH,
177,"BADILLO SAATCHI & SAATCHI, INC",
178,ENVOLVE PHARMACY SOLUTIONS,
179,MCI WORLDCOM,
180,UPMC PRESBYTERIAN SHADYSIDE,
181,"TAU SOUTH, LLC",
182,QUEST DIAGNOSTICS VENTURE LLC,
183,FEDEX OFFICE & PRINT SERVICES,
184,PITNEY BOWES INC,
185,TAU NY-NJ LLC,
186,NATIONAL ASSOC OF BOARDS OF PHARMAC,
187,MERCY HOSPITAL ST LOUIS,
188,UFCW LOCAL 2,
189,EXCHANGERIGHT NET LEASED PORTFOLIO,
190,THE REGENTS OF THE UNIVERSITY OF CALIFORNIA,
191,MCKESSON HIGH VOLUME SOLUTIONS INC,
192,MERCER HEALTH AND BENEFITS,
193,COLVEST/ HTFD-MAN-WFLD LLC,
194,NATIONAL RETAIL PROPERTIES INC,
195,EXCHANGERIGHT NLP56 MSTR LESSEE LLC,
196,REALTY INCOME PROPERTIES 3 LLC,
197,PRINCIPAL LIFE INSURANCE COMPANY,
198,FEDERAL REALTY LAUREL 500-1880,
199,COLVEST STAFFORD HEARD WOR LLC,
200,EXCHANGERIGHT NET LEASED PRTFLIO 38,
201,"COLVEST/WESTFIELD, LLC",
202,AVALERE HEALTH LLC,
203,PRINCIPAL LIFE INSURANCE CO 753119,
204,ARC DBPORBR001 LLC,
205,UFCW UNION LOCAL 880,
206,RAZORFISH HEALTH,
207,UFCW LOCAL 324,
208,BAPTIST HEALTH,
209,"COLVEST/STATE STREET, LLC",
210,SECURITAS SEC SERVICES INC,
211,UFCW LOCAL 1059,
212,COLVEST/WETHERSFIELD LLC,
213,"REALTY INCOME PROPERTIES 25, LLC",
214,LIBERTY PLAZA REALTY,
215,REALTY INCOME PROPERTIES 5 LLC,
216,THOMSON REUTERS - WEST PUBLISHING C,
217,"ABM BUILDING SOLUTIONS, LLC",
218,UFCW LOCAL 23 & EMPLOYERS HEALTH FU,
219,"COLE CV LAWRENCEVILLE NJ, LLC",
220,SHARP MEMORIAL HOSPITAL REHABILITATION CENTER,
221,PRIME HEALTHCARE SERVICES PROVIDENCE,
222,PIPER JORDAN LLC,
223,FEDERAL REALTY INVESTMENT TRUST 500,
224,"COLVEST/CENTER STREET CHICOPEE, LLC",
225,TAU CENTRAL LLC,
226,PHARMACY DEVELOPMENT MT LAURE LLC,
227,BADILLO SAATCHI AND SAATCHI INC,
228,US CHAMBER OF COMMERCE FOUNDATION,
229,QUALTRICS LLC,
230,ARC CVGNVFL001 LLC,
231,DIGITAS INC,
232,PRINCIPAL LIFE INSURANCE CO 753072,
233,EXCHANGERIGHT NET LEASED,
234,STREET RETAIL WEST 7-LP,
235,COLVEST PARKER SPFLD LLC,
236,PK I DEL NORTE PLAZA LP,
237,ASCENSION VIA CHRISTI HOSPITAL PITTSBURG INC,
238,MARSH USA INC,
239,SCP 2009-C34-079 LLC,
240,REALTY INCOME PROPERTIES 9 LLC,
241,MERCY HEALTH PHYSICIANS CINCINNATI LLC,
242,BON SECOURS DEPAUL MED CTR,
243,PITNEY BOWES PRESORT SVCS INC,
244,VERIZON WIRELESS SERVICES LLC,
245,PRINCIPAL LIFE INSURANCE CO,
246,"COLE CV WEAVERVILLE NC, LLC",
247,ST CLAIRE MEDICAL CENTER INC,
248,PARAMOUNT LMS LLC LANDIS VALLEY,
249,MIDLAND LOAN SERVICES INC 030222426,
250,OCHSNER MEDICAL CENTER KENNER,
251,MIRIXA CORPORATION,
252,SAFEWAY INC PDA FAC 25 1526 15,
253,OCHSNER LSU HEALTH SHREVEPORT,
254,MERCY HEALTH SELECT LLC,
255,COLVEST AGAWAN DEVELOPMENT CO,
256,TRIAD RETAIL MEDIA,
257,EXCHANGERIGHT NLP 22 MASTER LESSEE,
258,SCP 2007-C27-035 LLC,
259,EXCHANGERGHT NLP 48 MSTR LESSEE LLC,
260,PHARMACY DEVELOPMENT MARLTON LLC,
261,PRIME HEALTHCARE SERVICES RENO LLC,
262,NATIONAL RETAIL PROPERTIES LP,
263,"COLE CV SPARKS NV, LLC",
264,"ARC CVMCBPA001, LLC",
265,PK I GRANARY SQUARE LP,
266,MEDICAL CENTER PLAZA LP,
267,REALTY INCOME PROPERTIES 13 LLC,
268,PHARMACY DEVELOPMENT-CITY LINE LLC,
269,LOCKTON COMPANIES,
270,COLE CV SANTA FE NM LLC,
271,KIMCO BIRCHWOOD JERICHO STH LLC,
272,SSM HEALTH SYSTEM,
273,WEC 99J-32 LLC,
274,INTRADO LIFE & SAFETY INC,
275,"SUCCESSFACTORS, INC.",
276,COLE CV SALEM NH LLC,
277,EXCHANGERIGHT NLP 46 MASTER,
278,"SPIRIT CV MAYNARD MA, LLC",
279,ARCP CV RIVERTON NJ LLC,
280,COLVEST LUDLOW LLC,
281,ABM BUILDING SERVICES LLC,
282,SECURITAS SEC SVCS USA INC,
283,PK II MARINA VILLAGE LP,
284,NATIONAL RETAIL PROPERTIES INC (846,
285,COLE CV FT MYERS FL LLC,
286,COLE CV HAZLET NJ LLC,
287,STANDARD REGISTER INC,
288,BRIGHTSTAR CARE,
289,"COLE CV SOUTHAVEN (GOODMAN) MS, LLC",
290,FEDERAL REALTY PARTNERS LP,
291,"INFOR (US), INC",
292,COLE CV JACKSONVILLE FL LLC,
293,"SPIRIT CV OKEECHOBEE FL, LLC",
294,"EXCHANGERIGHT NLP 15 MASTER LESSEE,",
295,LAW OFFICES OF STEPHENSON ACQUISTO & COLMAN OBO JOHN,
296,EXCHANGERIGHT NLP 11 MASTER LESSEE,
297,EXCHANGERIGHT NLP 6 MASTER LESSEE L,
298,"CONDUENT HR CONSULTING, LLC",
299,"WEC PROPERTIES, INC",
300,"COLE CV CHERRY HILL NJ, LLC",
301,"COLVEST BELCHERTOWN, LLC",
302,REALTY INCOME PROPERTIES 22 LLC,
303,UFCW LOCAL 75,
304,EXCHANGERIGHT NLP 29 MASTER LESSEE,
305,LEXISNEXIS,
306,OUR LADY OF LOURDES HOSPITAL INC,
307,BRIGHTSTAR HEALTHCARE,
308,EXCHANGERIGHT NLP 40,
309,REALTY INCOME PRPTS 2 LLC,
310,TAU CVJKVFL LLC,
311,MARSH & MCLENNAN AGENCY LLC,
312,RELAYHEALTH,
313,LAW OFFICES OF STEPHENSON ACQUISTO & COLMAN CTA O B O,
314,SHARP CHULA VISTA MEDICAL CENTER,
315,COLVEST NORTH HAVEN LLC,
316,WEC 97K-34 INVESTMENT TRUST,
317,THOMSON REUTERS WEST,
318,COLE MT MISHAWAKA IN LLC,
319,KIMCO REALTY CO.,
320,KANSAS CITY SERIES OF LOCKTON COMPA,
321,ARC CVLVGNV001 LLC,
322,COLVEST KENSINGTON LLC,
323,CHRISTUS HEALTH,
324,WILLIS TOWERS WATSON,
325,"REALTY INCOME PROPERTIES 13, LLC",
326,"SPIRIT CV ONLEY VA, LLC",
327,PK I LKWD VLG LP #SCAW1464ALCVS///0,
328,BAPTIST HOSPITAL INC,
329,REALTY INCOME TRUST 1,
330,OCHSNER ST ANNE GENERAL HOSPITAL,
331,"REALTY INCOME PROPERTIES 27, LLC",
332,EXCHANGERIGHT NLP 55 MASTER,
333,"VEREIT REAL ESTATE, L.P.",
334,COLE CV CHICAGO (CENTERAL) IL LLC,
335,REALTY INCOME CORPORATION,
336,ARC CVKGCVA001 LLC,
337,"COLE CV THE VILLAGE OK, LLC",
338,SSM HEALTH DEPAUL HSPTL,
339,SSM HEALTH ST JOSEPH'S HSPTL,
340,SHARP REES STEALY MEDICAL GROUP,
341,ARC CVBPKAL001 LLC,
342,COLE CV LAWRENCE KS LLC,
343,SCP 2002 C6 LLC,
344,SPIRIT REALTY LP,
345,LINEAR RETAIL EAST GREENWICH 1 LLC,
346,COLVEST WINDSOR LLC,
347,WEINGARTEN REALTY INVESTORS,
348,"COLE MT COVENTRY RI, LLC",
349,TAU NORTHEAST LLC,
350,LINEAR RETAIL PEABODY 1 LLC,
351,"COLE CV MERIDIANVILLE AL, LLC",
352,PRIME HEALTHCARE SERV ST MICHAELS,
353,TAYLOR COMMUNICATIONS,
354,PITNEY BOWES,
355,ADVENTHEALTH RANSOM MEMORIAL,
356,UPTODATE INC-,
357,PRIME HEALTHCARE PARADISE VALLEY,
358,ARC CVCHIIL001 LLC,
359,"CONDUENT BUSINESS SERVICES, LLC",
360,"COLE CV GREENWOOD IN, LLC",
361,COLE CV BLOOMINGTON IN LLC,
362,COLE CV MIDDLETOWN NY LLC,
363,PHARMACY DEVELOPMENT WILDWOOD LLC,
364,"COLVEST/WINDSOR LOCKS, LLC",
365,PRIME HEALTHCARE SERVICES -LOWER BUCKS LLC,
366,"COLE CV EDINBURG TX, LLC",
367,FEDEX,
368,COLE CV AUSTIN (BEE CAVE PKWY) TX L,
369,PHARMACY DEVELOPMENT SMITHVILLE LLC,
370,"SPIRIT CV ORLANDO FL, LLC",
371,SHARP COMMUNITY MEDICAL GROUP,
372,LAW OFFICES OF STEPHENSON ACQUISTO & COLMAN-,
373,SAFEWAY PDA FAC 9893500101,
374,"TAU NY-NJ, LLC",
375,"SPIRIT CV MECHANICVILLE NY, LLC",
376,QUEST DIAGNOSTICS CLINICAL LABS INC,
377,COLE CV MINEOLA NY LLC,
378,ALBERTSONS COMPANIES INC,
379,COLE CV LINCOLN NE LLC,
380,PNC BANK NA 1029108781,
381,PITNEY BOWES SOFTWARE INC,
382,MERCER HR SERVICES LLC,
383,"PK II BROOKVALE SC, LP",
384,CENTENE CORPORATION,
385,UFCW LOCAL 135,
386,"KAMIN, DANIEL G BATON ROUGE",
387,PHARMACY DEVELOPMENT NORTHFIELD LLC,
388,WEC 97K-30 INVESTMENT TRUST,
389,KIMCO OF PENNSYLVANIA TRUST,
390,COLE CV HONESDALE PA LLC,
391,WILLIS TOWERS WATSON NORTHEAST INC,
392,ARC CVSCDFL001 LLC,
393,PHARMACY DEVELOPMENT - CAPE MAY LLC,
394,SPIRIT CV MADION MS LLC,
395,PK II MELROSE VILLAGE PLAZA LP,
396,OGILVY GROUP LLC,
397,LINEAR RETAIL PLYMOUTH #1 LLC,
398,"COLE CV EDISON NJ, LLC",
399,COLE CV BRIDGETON MO LLC,
400,COLE CV ARNOLD MO LLC,
401,CINTAS CORPORATION,
402,SCP 2007-C27-039 LLC,
403,KIMCO DELAWARE INC,
404,WEC 98D 32 LLC,
405,ASCENSION VIA CHRISTI HOSPITAL MANHATTAN INC,
406,EXCHANGERIGHT NLP 8 DST,
407,LIBERTY 8300 NORMANDALE LLC,
408,MERCY HEALTH PHYSICIANS NORTH LLC,
409,"SPIRIT CV WAYNESVILLE NC, LLC",
410,EXCHANGERIGHT NLP 10 MASTER LESSEE,
411,CHAMBER OF COMMERCE OF THE USA,
412,LANGLAND US,
413,EXCHANGERIGHT NLP 9 MASTER LESSEE L,
414,PARAMOUNT LMS LLC HOCKERSVILLE,
415,ARAMARK UNIFORM & CAREER APPAREL IN,
416,"COLE CV NAPLES FL, LLC",
417,COLE CV BOCA RATON (YAMATO) FL LLC,
418,OUR LADY OF THE ANGELS HOSPITAL,
419,"SPIRIT CV GLENVILLE SCOTIA NY, LLC",
420,EXCHANGERIGHT NLP 13 MASTER LESSEE,
421,COLE CV INDEPENDENCE MO LLC,
422,SPIRIT CV GULFPORT MS LLC,
423,COLE CV ST. JOHN MO LLC,
424,"COLE CV LYNCHBURG VA, LLC",
425,STRATEGIC BENEFIT ADVISORY INC,
426,LINEAR RETAIL MEDFORD 1 LLC,
427,PARAMOUNT LMS LLC- JOHNNYCAKE,
428,COLE CV POPLAR BLUFF MO LLC,
429,EXCHANGERIGHT NET LEASED PRTFL 7 LL,
430,UPMC COMMUNITY MEDICINE INC,
431,"COLE CV MADISON HEIGHTS VA, LLC",
432,INTRADO INTERACTIVE CORPORATION,
433,CTA STEPHENSON ACQUISTO & COLMAN O/B/O TRI-CITY MEDICAL CENTER,
434,"KAMIN, DANIEL G SHREVEPORT LLC",
435,COLE MT RINGGOLD GA LLC,
436,THE OGILVY GROUP INC,
437,FAMILY HEALTH CARE OF SIOUXLAND,
438,"SPIRIT CV HAMILTON OH, LLC",
439,COLE CV SAND SPRINGS OK LLC,
440,COLE CV CITY OF INDUSTRY CA LP,
441,CONDUENT HR SERVICES LLC,
442,"ARC CVNCTPA001, LLC",
443,SPIRIT CV DEL CITY OK LLC,
444,COLE CV VINELAND NJ LLC,
445,ARC CVCHIIL002 LLC,
446,"COLE CV NEW PORT RICHEY FL, LLC",
447,PRINCIPAL LIFE INSURANCE CO 753146,
448,NATIONAL RETAIL PROPERTIES INC (015,
449,"COLE CV EVANSVILLE IN, LLC",
450,DANIEL G KAMIN WEST MARKLAND LLC,
451,COLE CV EMINENCE KY LLC,
452,PIPER JORDAN,
453,COVESTRE CAPITAL PROPCO 3 LLC,
454,MEDICAL SPECIALTIES DISTRIBUTORS,
455,MERCER HEALTH & BENEFITS ADMINISTRATION LLC,
456,COLE CV CICERO IN LLC,
457,COLE CV HANOVER TOWNSHIP NJ LLC,
458,"COLE CV IRVING TX, LLC",
459,COLE CV WEST MONROE LA LLC,
460,DANIEL G KAMIN TAYLORS WADE HMPTN L,
461,SAPIENT CORPORATION,
462,DAN G KAMIN BATON ROUGE AIRLINE HWY,
463,AT&T CORPORATION,
464,LAW OFFICES OF STEPHENSON ACQUISTO & COLMAN O B O,
465,COLE CV INDIANAPOLIS IN LLC,
466,"SPIRIT CV FLORENCE SC, LLC",
467,"COLE CV TITUSVILLE PA, LLC",
468,PITNEY BOWES GLOBAL FINANCIAL SERV,
469,PARAMOUNT LMS LLC-LANSDOWNE,
470,REALTY INCOME ILLINOIS PRPRTS 2 LLC,
471,BEECHER CARLSON HOLDINGS INC,
472,REALTY INCOME PROPERTIES 30 LLC,
473,"ARC CVFKNIN001, LLC",
474,LIBERTY DEVELOPMENT OF NASHUA LLC,
475,COLE CV SAN ANTONIO TX LLC,
476,CARDINAL HEALTH,
477,VIA CHRISTI OCC MEDICINE,
478,COLE CV DOVER DE LLC,
479,WEC 98H-17 LLC,
480,COLE CV WAYNESBORO VA LLC,
481,COLE CV CHESAPEAKE VA LLC,
482,DANIEL G KAMIN CELINA LLC,
483,BRIGHTSTAR,
484,COVESTRE CAPITAL PROPCO 2 LLC,
485,ARC CVCOLSC002,
486,"COLE CV KATY, TX, LLC",
487,SPIRIT CV COLUMBIA TN I LLC,
488,WEC 98H-26 LLC,
489,ST. ANTHONY SHAWNEE HOSPITAL,
490,COLE CV JANESVILLE WI LLC,
491,PRIME HEALTHCARE FOUNDATION SOUTHERN REGIONAL,
492,PARAMOUNT LMS LLC DOE RUN,
493,EXCHANGERIGHT NLP 37 MASTER LESSEE,
494,MERCER HEALTH & BENEFITS LLC,
495,SAFEWAY INC FAC 25098315,
496,PARAMOUNT LMS LLC- MOUNT JOY,
497,SPIRIT CV CLINTON NY LLC,
498,WINN PARISH MEDICAL CENTER,
499,WEC 98H 33 LLC LN 38 6000169,
500,WOLTERS KLUWER CLINICAL DRUG INFORMATION INC,
501,EXCHANGERIGHT NLP 54 MASTER LESSEE,
502,INTERIM HEALTHCARE,
503,PRIME HEALTH SERVICES INC,
504,COLE CV BLUE SPRINGS MO LLC,
505,PARAMOUNT LMS LLC-EDGEWOOD,
506,EXCHANGERIGHT NLP 41 MASTER LESSEE,
507,WEC 2000-GL-2 LLC,
508,"SPIRIT CV AMARILLO TX, LLC",
509,SPIRIT CV FAIRVIEW TOWNSHIP PA LLC,
510,UFCW LOCAL 1167,
511,LINEAR RETAIL WELLESLEY #2 LLC,
512,COLE CV AUBURNDALE FL LLC,
513,MARSH & MCLENNON COMPANIES INC,
514,UFCW LOCAL 1442,
515,INGERSOLL RAND COMPANY,
516,PRINCIPAL LIFE INS CO,
517,COLE CV GOOSE CREEK SC LLC,
518,WEC 2000B CSF 17 LLC,
519,DANIEL G KAMIN DICKSON LLC,
520,ARC CVSBGGA001 LLC,
521,EXCHANGERIGHT NLP 61,
522,BRIGHTSTAR CHESAPEAKE,
523,8032 LIBERTY ROAD OWNER LLC,
524,EXCHANGERIGHT NLP 59 MASTER,
525,SCP 2009-C34-091 LLC,
526,UFCW LOCAL 1428,
527,NATIONAL RETAIL PROPERTIES LP (494),
528,KIMCO CORPORATION,
529,EXCHANGERIGHT NLP 26 MASTER LESSEE,
530,PHARMACY DEVELOPMENT MALAGA LLC,
531,DANIEL G KAMIN BRADFORD LLC,
532,"COLE CV ERIE PA, LLC",
533,TRAVELERS,
534,"ARC CVSPGPA001, LLC",
535,"COLE CV GREENVILLE SC, LLC",
536,UNITED STATES POSTAL SERVICE,
537,DAN G KAMIN 150 MADISON RD CULPEPER,
538,PARMED PHARMACEUTICALS,
539,COLE CV SEDALIA MO LLC,
540,INTRADO INTERACTIVE SERVICES CORP,
541,ARC CVAPAGA001 LLC,
542,PHARMACY DEVELOPMENT EASTAMPTON LLC,
543,PHARMACY DEVELOPMENT READING LP,
544,BANK OF AMERICA AS TRUSTEE,
545,WEC 98H-36 LLC,
546,ABILITY NETWORK INC,
547,GCA SERVICES GROUP,
548,COLE CV WISCONSIN RAPIDS WI LLC,
549,BAPTIST HEALTH NETWORK PARTNERS,
550,"COLE CV CORPUS CHRISTI TX, LLC",
551,"EXCHANGERIGHT NLP 18 MASTER LESSEE,",
552,YMCA OF CENTRAL KENTUCKY,
553,DAN G KAMIN 700 MRRMC TRAIL WLLMSBR,
554,QUEST DIAGNOSTICS INCORPORATED,
555,"COLE CV AUSTIN TX, LLC",
556,SCP 2006 C23 182 LLC,
557,NATIONAL RETAIL PROPERTIES LP (253),
558,REALTY INCOME PROPERTIES 29 LLC,
559,COLE CV INDEPENDENCE W 23TD ST MO L,
560,MERCER,
561,SECURITAS SECURITY SVCS USA INC,
562,REALTY INCOME CK 1 LLC,
563,COLE CV LONDON KY LLC,
564,EXCHANGERIGHT NLP 19 MASTER LESSEE,
565,BRIGHTSTAR CARE ROSEVILLE,
566,OAK CAP VENTURES MISSOURI,
567,COLE CV TIPTON IN LLC,
568,AT&T INC,
569,OCHSNER AMERICAN LEGION HOSPITAL LLC,
570,DANIEL G KAMIN BRYAN LLC,
571,HARDTNER MEDICAL CENTER,
572,SPIRIT CV SCIOTO TRAIL OH LLC,
573,ARC CVHDYVA001 LLC,
574,WEC 98H-13 LLC,
575,DANIEL G KAMIN ERIE LLC,
576,DANIEL G KAMIN HOOPESTON LLC,
577,ARC CVVDAGA001 LLC,
578,PK I LKWD VLG LP NO SCAW1464ALCVS,
579,WEC 98H-11 LLC,
580,REALTY INCOME PROPERTIES 21 LLC,
581,UFCW LOCAL 881,
582,ARC CVGVLSC001 LLC,
583,PARAMOUNT LMS LLC JOHNNYCAKE,
584,"COLE CV TEMPLE HILLS MD, LLC",
585,ARCP MT SPRINGFIELD MA LLC,
586,"COLE CV MANSFIELD OH, LLC",
587,DANIEL G KAMIN PELZER LLC,
588,WEC 98H-35 LLC,
589,"ARC CVRTRNY001, LLC",
590,ST JOSEPH HERITAGE HEALTHCARE,
591,EXCHANGERIGHT NLP 24 MASTER LESSEE,
592,REALTY INCOME PROPERTIES 17 LLC,
593,PITNEY BOWES INC.,
594,WEC 98H14 LLC,
595,SCP 2006-C23-144 LLC,
596,COVESTRE CAPITAL PROPCO 1 LLC,
597,NNN REIT INC-,
598,"COLE CV ASHEVILLE NC, LLC",
599,DANIEL G KAMIN NORTON LLC,
600,UFCW 1776KS HEALTH FUND,
601,TRION GROUP,
602,WEC 98H-3 LLC,
603,WEC 98H-22 LLC,
604,KIMCO W-S LIMITED PARTNERSHIP,
605,EXCHANGERIGHT NLP 58 MASTER,
606,COLE CV GULF BREEZE FL LLC,
607,WEC 2000A-9 LLC,
608,"COLE CV EDEN NC, LLC",
609,OCHSNER MORGAN CITY LLC,
610,DANIEL G KAMIN WEST WARWICK LLC,
611,"ARC CVTDAPA001, LLC",
612,EXCHANGERIGHT NLP 42 MASTER LESSEE,
613,SECURITAS TECHNOLOGY-,
614,ARCP CV DANVILLE IN LLC,
615,ADVENTHEALTH SOUTH OVERLAND PARK INC,
616,LEXISNEXIS RISK DATA MANAGEMENT INC,
617,CTA LAW OFFICES OF STEPHENSON ACQUISTO & COLMAN,
618,"COLE CV KERNERSVILLE NC, LLC",
619,COLE CV EDINBURGH IN LLC,
620,NATIONAL RETAIL PROPERTIES INC 7012,
621,WILLIS OF NEW YORK INC,
622,CREEHAN & COMPANY,
623,WEC 2000A 22 LLC,
624,"COLE CV CHARLESTON SC, LLC",
625,KIMCO COMPANY OF INDIANA,
626,REALTY INCOME CORP,
627,TRAVELERS CHAMPIONSHIP,
628,ALTA HEALTHCARE INC,
629,PARAMOUNT LMS LLC- MARTIN & COMPASS,
630,WEC 98H-4 LLC,
631,EXPERIAN LIMITED,
632,SCP 2006-C23-058 LLC,
633,COLE CV TEMPLE HILLS MD LLC,
634,VERIZON COMMUNICATIONS INC,
635,PARAMOUNT LMS LLC-RICHLAND,
636,NATIONAL RETAIL PROPERTIES INC (048,
637,DANIEL G. KAMIN PORTAGE TRAIL LLC,
638,"COLE CV OKLAHOMA CITY OK, LLC",
639,CENTENE MANAGEMENT COMPANY LLC,
640,SSM HEALTH DEPAUL HOSPITAL,
641,MIDWEST REGIONAL MEDICAL CENTER,
642,COVESTRE CAPITAL PROPCO 29 LLC,
643,"GULFSTREAM GOODWILL INDUSTRIES, INC",
644,WEC 98H-20 LLC,
645,BOYS AND GIRLS CLUBS OF AMERICA,
646,LINEAR RETAIL PLYMOUTH NO 1 LLC,
647,WEC98H-25 LLC,
648,INSIGHTSOFTWARE,
649,"COLE CV LONDON KY, LLC",
650,WEC 98H-21 LLC,
651,VIA CHRISTI CLINIC PA,
652,COVESTRE CAPITAL PROPCO 12 LLC,
653,PRINCIPAL LIFE INSURANCE COMPANY 75,
654,"COLE CV ANDERSON SC, LLC",
655,"COLE CV MOONVILLE SC, LLC",
656,SSM HEALTHCARE OF OKLAHOMA,
657,WEC 99D 25 LLC,
658,JOHNSON CONTROLS FIRE PROTECTION LP,
659,SHARP CORONADO HOSP & HEALTHCARE CTR,
660,"COLE CV GAINESVILLE TX, LLC",
661,NATIONAL RETAIL PROPERTIES INC (503,
662,YMCA OF GREATER ERIE,
663,WEC 98H-6 LLC,
664,STEPHENSON ACQUISTO & COLMAN INC CTA,
665,RICHARDSON MEDICAL CENTER,
666,PNC BANK C O TRUST SEC B7 YB17 03 3,
667,COVESTRE CAPITAL PROPCO 27 LLC,
668,KROGER 4006905984,
669,WEC 2000B-GL-10 LLC,
670,CINTAS CORP 018,
671,PRINCIPAL LIFE INSURANCE CO 753227,
672,KROGER LIMITED PARTNERSHIP I,
673,ELSEVIER GOLD STANDARD,
674,LIBERTY ENTERPRISES INC,
675,WEC 2000A 5 LLC,
676,BROWN & BROWN OF NEW YORK INC,
677,WEC 2000B-01-GL-16 LLC,
678,KROGER,
679,UFCW LOCAL 655,
680,DANIEL G KAMIN CHICAGO LLC,
681,AT&T/AON,
682,US CHAMBER OF COMMERCE,
683,ADVENTHEALTH ORLANDO,
684,EXCHANGERIGHT NLP 50 MASTER,
685,LIPPINCOTT,
686,EXPERIAN HEALTH,
687,BANK OF AMER TTEE FOR THE R ILG TRU,
688,WEC 2000B-GL-26 LLC,
689,SCP 2001A CSF 10 LLC,
690,FEDERAL REALTY LMTD PTRSHP,
691,COLE CV GAINESVILLE TX LLC,
692,COVESTRE CAPITAL PROPCO 25 LLC,
693,KANTAR RETAIL LLC,
694,COLE CV NORTH WILKESBORO NC LLC,
695,CINTAS,
696,ASCENSION VIA CHRISTI HOSPITAL WICHITA ST TERESA INC,
697,BRIGHTSTAR OF HOWARD COUNTY,
698,LAW OFFICES OF STEPHENSON ACQUISTO & COLMAN CTA..,
699,"ARC CVFLDPA001, LLC",
700,COVESTRE CAPITAL PROPCO 28 LLC,
701,MEDSTAR HEALTH VNA,
702,BRIGHTSTAR CARE OF BEDFORD/MANCHEST,
703,CALI HISPANIC CHAMBERS OF COMMERCE,
704,DEDICATED PHYSICIANS GROUP OF TEXAS PLLC,
705,PHARMACY DEVELOPMENT CROYDON LP,
706,ARIZONA VISITING NURSES,
707,THOMSON REUTERS GRC INC,
708,WEC 2000B-GL-25 LLC,
709,WEC 2000B-GL-35 LLC,
710,SCP 2002E-46 LLC,
711,CINTAS CORPORATION 006,
712,GCA SERVICES GROUP MOUNTAIN STATES,
713,PRINCIPAL LIFE INS CO 753350,
714,WEC 99D 24 LLC,
715,"REALTY INCOME PROPERTIES 4, LLC",
716,ALBERTSON'S LLC,
717,SPIRIT CV AZLE TX LLC,
718,BAPTIST HEALTHCARE SYSTEM INC,
719,MERCY HOSPITAL FORT SMITH,
720,PRIME HOME CARE LLC,
721,BANK OF AMERICA N.A.,
722,WEC 98H-29 LLC,
723,BRIGHTSTAR HEALTH CARE,
724,ABM INDUSTRY GROUPS LLC,
725,ADVANCED STRATEGIES INC,
726,VEREIT MT PLAINFIELD IL LLC,
727,PRINCIPAL LIFE INSURANCE CO LOAN# 7,
728,JPMO STRATEGIES LLC,
729,THE KROGER CO,
730,BRIGHTSTAR CARE OF NORWOOD,
731,PUBLICIS HAWKEYE INC,
732,CDR ASSOCIATES LLC,
733,LIBERTY DENTAL PLAN CORP,
734,ST THOMAS COMMUNITY HEALTH CENTER,
735,STRATEGIES 360 INC,
736,EXCHANGERIGHT NLP 60 DST,
737,BRIA OF FOREST EDGE,
738,PARAMOUNT LMS LLC RICHLAND,
739,WEC 2000B CSF 18 LLC,
740,FEDEX TRUCKLOAD BROKERAGE,
741,PARAMOUNT LMS LLC MARTIN & COMPASS,
742,"PK I PALOMAR VILLAGE SC, LP",
743,BRIGHTSTAR HEALTHCARE LAWRENCEVILLE,
744,CINTAS CORP LOC 385,
745,SAFEWAY INC,
746,BRIA OF RIVER OAKS,
747,VERIZON BUSINESS,
748,ST ELIZABETH MEDICAL CENTER INC,
749,AVALERE HEALTH,
750,LAW OFFICES OF STEPHENSON ACQUISTO & COLMAN CTA-,
751,COVESTRE CAPITAL PROPCO 4 LLC,
752,BRIGHTSTAR HEALTHCARE MENIFEE,
753,SAFEWAY PDA FAC 9856899097,
754,CYPRESS MEDICAL DISTRIBUTION LLC,
755,REPUBLIC SERVICE 690,
756,UNITED WAY OF MASSACHUSETTS BAY,
757,GBW STRATEGIES LLC,
758,WEC 99J 45 LLC,
759,WILLIS OF FLORIDA INC,
760,"COLE CV NORTH WILKESBORO NC, LLC",
761,TOWERS WATSON SOFTWARE LIMITED,
762,KENTUCKY CHAMBER OF COMMERCE,
763,SCP 2002E-22 LLC,
764,WEC 99J 28 LLC,
765,AT&T.,
766,SCP 2001A-CSF-74 LLC,
767,ARAMARK REFRESHMENT SERVICES,
768,"NEW ALBERTSON'S, INC",
769,WOLTERS KLUWER ELM SOLUTIONS,
770,KROGER CO 4006905984,
771,THE LOOMIS COMPANY,
772,MERCY HOSPITAL ROGERS,
773,BRIGHTSTAR OF FAIRFAX,
774,DC CHAMBER OF COMMERCE,
775,BRIGHTSTAR CARE OF N.MIAMI & MIAMI,
776,FITCH,
777,GL VIRGINIA PORTSMOUTH LLC,
778,ARC CVNVLTN001 LLC,
779,GEORGIA-PACIFIC LLC,
780,PRINCIPAL LIFE INSURANCE CO 752885,
781,CONDUENT CREDIT BALANCE SOLUTIONS LLC,
782,ENVOY OF STAUNTON LLC,
783,ENVOY OF RICHMOND LLC,
784,BRIGHTSTAR CARE OF PLANO,
785,NATIONAL SCHOOL BOARDS ASSOCIATION,
786,WEC 2000A 35 LLC,
787,SSM HEALTH ST. LOUIS UNIVERSITY HOS,
788,PNC BANK CO LEE SLADE 1 Y013 04 3,
789,WEC 99D 7 LLC,
790,CHRISTUS SANTA ROSA HEALTH CARE CORP,
791,UPMC BENEFIT MGMT SERV INC,
792,SAFEWAY PDA FAC 079893399097,
793,WEC 2000A 1 LLC,
794,WEC2000A 11 LLC,
795,ALEXIAN BROTHERS HEALTH SYSTEM,
796,NEW CASTLE COUNTY CHAMBER OF COMMERCE,
797,KROGER CO - CENTRAL RENT,
798,ENVOY OF ALEXANDRIA LLC,
799,WEC 2000A 2 LLC,
800,FEDEX289079432,
801,MERCER HEALTH & BENEFITS ADMNSTRTN,
802,BRIGHTSTAR CARE OF VENTURA,
803,SHARP COMMUNITY MEDICAL GROUP INC,
804,LAW OFFICES OF STEPHENSON AQUISTO & COLMAN INC,
805,ABM BUILDING SOLUTIONS,
806,EXCHANGERIGHT NLP 62,
807,WEC 2000B CLF 10 LLC,
808,WOLTERS KLUWER FINANCIAL SERVICES INC,
809,PHARMACY DEVELOPMENT LOCUST ST LP,
810,WEST INTERACTIVE SERVICES CORPORATION,
811,ELEVATE CARE NORTHBROOK,
812,CONDUENT CARE SOLUTIONS LLC,
813,MEDICAL CENTER AMB SERVICE INC,
814,MERCER HEALTH & BENEFIT ADMIN LLC,
815,ADT LLC,
816,ACCESS,
817,CLIENT TRUST ACCT  OF STEPHENSON ACQUISTO & COLMAN,
818,COVESTRE CAPITAL PROPCO 35 LLC,
819,CINTAS CORPORATION 207,
820,BRIGHTSTAR OF MLFRD WRCSTR & BLKSTN,
821,CINTAS CORPORATION 219,
822,OCHSNER MEDICAL CENTER NORTHSHORE,
823,BRIGHTSTAR OF SPARTANBURG,
824,TRAVELERS COMPANIES INC,
825,EXCHANGERIGHT NLP HIGH LTV,
826,LIBERTY INFUSION AGENCY,
827,COVESTRE CAPITAL PROPCO 23 LLC,
828,BRIGHTSTAR CARE - ROSEVILLE,
829,SCP 2002E 8 LLC,
830,BRIGHTSTAR HOME HEALTH AGENCY,
831,TOWERS WATSON,
832,INTERIM HEALTHCARE OF OREGON INC,
833,WEC 2000A 53 LLC,
834,COVESTRE CAPITAL PROPCO 33 LLC,
835,WEC 99D 15 LLC,
836,BRIGHTSTAR CARE OF SANTA MONICA/MAR,
837,WEC 99D 10 LLC,
838,"COLE CV DUNCANVILLE TX, LP",
839,COVESTRE CAPITAL PROPCO 21 LLC,
840,OHIO CHAMBER OF COMMERCE,
841,SAFEWAY/PROP DEVELOPMENT ASSOC,
842,THE ALEXIAN BROTHERS HOUSING & HEALTH ALLIANCE,
843,CINTAS CORP 756,
844,FEDEX OFFICE & PRINT,
845,BANK OF AMERICA NA TRUSTEE OF,
846,INTERIM HEALTHCARE OF HARTFORD INC,
847,BROWN & BROWN METRO LLC,
848,SCP 2001A CSF 49 LLC,
849,BRIGHTSTAR CARE OF SANTA BARBARA,
850,ARAMARK UNIFORM SERVICES,
851,WILLIS TOWERS WATSON SOUTHEAST INC,
852,COVESTRE CAPITAL PROPCO 22 LLC,
853,AT&T GRE,
854,BRIGHTSTAR CARE OF BEVERLY HILLS,
855,ENVOY OF WOODBRIDGE LLC,
856,SCP 2003D-GL-47 LLC,
857,BRIGHTSTAR CARE OF FAYETTEVILLE,
858,WEC 99D 5 LLC,
859,COMMUNITY HEALTH SERVICES OF LML VL,
860,TAYLOR COMMUNICAITONS,
861,OAK CAP VENTURES CHESTER LLC,
862,COVESTRE CAPITAL PROPCO 26 LLC,
863,DANIEL G KAMIN EATON LLC,
864,HEMOPHILIA FEDERATION OF AMERICA,
865,YMCA OF GREATER LOUISVILLE,
866,CINTAS CORPORATION 35D,
867,BRIGHTSTAR CARE OF TAMPA,
868,BOYS & GIRLS CLUBS OF HARTFORD,
869,PHARMACY DEVELOPMENT BROOMALL LP,
870,DANIEL G KAMIN UNIONTOWN LLC,
871,FAMILY HEALTH CENTERS OF BALTIMORE INC,
872,ABM PARKING SERVICES,
873,BRIGHTSTAR CARE OF THOUSAND OAKS,
874,24 7 BRIGHTSTAR HEALTHCARE,
875,OAK CAP VENTURES FLORIDA,
876,EXPERIAN INFORMATION SOLUTIONS INC,
877,CHRISTUS CHILDREN'S HOSPITAL OF SAN,
878,WEC 99J 29 LLC,
879,PHARMACY DEVELOPMENT GLOUCESTER LLC,
880,FAMILY HEALTH CENTER ALCOTT,
881,WEC 99D 2 LLC,
882,NNN REIT INC-,
883,LIPPINCOTT WILLIAMS & WILKINS,
884,BRIGHTSTAR CRDM LLC,
885,THE TRAVELERS INDEMNITY COMPANY,
886,HCA FLORIDA BRANDON HOSPITAL,
887,EXTENDED CARE PROFESSIONAL LLC,
888,REPUBLIC SERVICES,
889,CINTAS CORPORATION 283,
890,EXCHANGERIGHT VALUE ADD,
891,BLEEDING AND CLOTTING DISORDERS INSTITUTE,
892,PA CHAMBER OF BUSINESS & INDUSTRY,
893,PRIME HEALTHCARE ST CLARES LL,
894,BRIGHTSTAR OF NEWPORT BEACH & IRVIN,
895,INTERIM HEALTHCARE OF GREENVILLE IN,
896,WEC 2000B CLF 2 LLC,
897,BRIGHTSTAR CARE OF STROUSBURG,
898,GOODWILL INDUSTRIES OF CENTRAL FLORIDA INC,
899,IRONWOOD A MARSH & MCLENNAN AGENCY LLC,
900,WEC 99D 6 LLC,
901,TRION GROUP A MARSH & MCLENNAN,
902,DATALINK BUSINESS SOLUTIONS,
903,MARSH USA INC (L),
904,PLEASURE RIDGE PARK FIRE PROTECTION DISTRICT,
905,RELAY HEALTH,
906,FEDEX FREIGHT INC,
907,MAGEE WOMENS HOSPITAL,
908,INTERIM HC OF MIAMI,
909,LAW OFFICES OF STEPHENSON ACQUISTO & COLMAN O/B/O PROVIDENCE HEALTH SYSTEM  S CA,
910,SS & J HOME CARE-BRIGHTSTAR,
911,BRIGHTSTAR CARE OF EAST,
912,ELEVATE CARE WAUKEGAN LLC,
913,WEC 99D 39 LLC,
914,CINTAS CORPORATION 085,
915,CREEHAN AND COMPANY,
916,OAK CAP VENTURES APALACHICOLA LLC,
917,DANIEL G KAMIN 4575 ST SIMONS,
918,"TRANE PUERTO RICO, LLC",
919,UFCW NATIONAL PENSION FUND,
920,BRIGHTSTAR CARE OF WEST SEMINOLE COUNTY,
921,EXCHANGERIGHT NLP 35 MASTER LESSEE,
922,EXCHANGERIGHT NET LEASED PORT 54 DS,
923,ONE STRATEGIES,
924,"KAMIN, DANIEL C MCCOMB LLC",
925,NATL ASSOC BOARDS OF PHARMACY,
926,JOHNSON CONTROLS INC,
927,MERCY HEALTH- HACKLEY CAMPUS- S,
928,LOCKTON-DUNNING SERIES OF LOCKTON,
929,STRATEGIC BENEFIT ADVISORS,
930,GLENDALE CHAMBER OF COMMERCE,
931,PARK RIDGE HEALTH,
932,CINTAS CORPORATION 640,
933,INFOR GLOBAL SOLUTIONS,
934,BROWN & BROWN OF MA,
935,POCONO MOUNTAIN UNITED WAY,
936,LIBERTY NURSING AGENCY INC,
937,HARSHAW TRANE,
938,CONCORDIA VISITING NURSES,
939,NATIONAL HEMOPHILIA FOUNDATION,
940,IDEAL STRATEGIES LLC,
941,HERITAGE HEALTH MENDOTA,
942,MCKESSON CORPORATION,
943,KANSAS CHAMBER OF COMMERCE,
944,BRIGHTSTAR OF LAKE COUNTY INDIANA,
945,BRIA OF WESTMONT,
946,UFCW LOCAL 576 2,
947,BRIGHTSTAR FORT WORTH,
948,BRIGHTSTAR OF W CENTRAL LAS VEGAS,
949,THE PNC FINANCIAL SERVICES GROUP INC,
950,BAPTIST HEALTH MADISONVILLE INC,
951,BOYS & GIRLS CLUBS OF PROVIDENCE,
952,LOCKTON DUNNING BENEFITS,
953,APERION CARE LAKESHORE,
954,CARDINAL HEALTH MEDICAL PROD,
955,COMMUNITY HEALTH IMPROVEMENT,
956,COVESTRE CAPITAL PROPCO 32 LLC,
957,LOWELL COMMUNITY HEALTH CENTER,
958,SHASTA COMMUNITY HEALTH CENTER,
959,UPMC ALTOONA REGIONAL HEALTH SERV,
960,ELEVATE CARE RIVERWOODS LLC,
961,WEC99J 63 LLC,
962,BRIA OF CHICAGO HEIGHTS,
963,NORTHEAST SERIES OF LOCKTON COMPANIES LLC,
964,BRIGHTSTAR CARE OF FRISCO,
965,BRIGHTSTAR CARE OF ROCK HILL,
966,WEC 99D 21 LLC,
967,PITNEY BOWES GFS,
968,WEC 99D 41 LLC,
969,REPUBLIC SERVICES 899,
970,WEC 2008 CLF 4 LLC,
971,GLOVER PARK GROUP LLC,
972,BANK OF AMERICA (NC),
973,THE MERCY HOSPITAL,
974,COMMUNITY HEALTH PROFESSIONALS INC,
975,SHARP REES-STEALY MEDICAL GROUP INC,
976,BRIGHTSTAR CARE OF WELLINGTON,
977,HOCKOMOCK YOUNG MENS CHRSTN ASSOC,
978,PRIME HEALTHCARE ROXBOROUGH,
979,GOODWILL INDUSTRIES OF KANSAS INC,
980,"HCA, INC",
981,JOHNSON CONTROLS SECURITY SOLUTIONS,
982,PHARMACY DEVELOPMENT CONSHOHOCKEN L,
983,INTERIM HEALTH CARE OF OREGON INC,
984,BRIGHTSTAR CARE OF FLOWER MOUND,
985,CARDINAL HEALTH 108 LLC DBA,
986,PW HLTH SRVCS LLC BRIGHTSTAR CARE,
987,SECURITAS TECHNOLOGY CORPORATION,
988,STATE CHAMBER OF OKLAHOMA,
989,CALIFORNIA CHAMBER OF COMMERCE,
990,BRIGHTSTAR THE WOODLANDS,
991,OAK CAP VENTURES DENMARK LLC,
992,BRIGHTSTAR OF KISSIMMEE / OSCEOLA,
993,BRIGHTSTAR OF FORT WAYNE,
994,STANDARD REGISTER,
995,OCEANS BEHAVIORAL HOSPITAL OF NEW ORELANS LLC,
996,BAPTIST HOSPITAL OF MIAMI,
997,RELAYHEALTH CORP,
998,NATIONAL LGBT CHAMBER OF COMMERCE,
999,TREATY OAK STRATEGIES,
1000,BRIGHTSTAR CARE OF E RICHMOND,
1001,DENVER METRO CHAMBER OF COMMERCE,
1002,INTERIM HEALTHCARE OF COLUMBUS INC,
1003,ILLINOIS CHAMBER OF COMMERCE,
1004,CINTAS CORPORATION NO 2,
1005,OUR LADY OF THE LAKE HOSPITAL,
1006,BRIGHTSTAR OF COASTAL GEORGIA,
1007,WOLTERS KLUWER HEALTH,
1008,BRIGHTSTAR CARE OF CONEJO VALLEY,
1009,PITNEY BOWES BANK INC,
1010,CINTAS CORP 619,
1011,INTERIM HEALTHCARE OF LIMA,
1012,ST MATTHEWS FIRE PROTECTION DISTRICT,
1013,BRIGHTSTAR OF VALPARAISO,
1014,GOODWILL INDSTRS OF GRTR DETROIT,
1015,EXPERIAN MARKETING SOLUTIONS LLC,
1016,OKOLONA FIRE PROTECTION DISTRICT,
1017,BRIGHTSTAR CARE OF MARIETTA,
1018,BRIGHTSTAR CARE OF HUNTSVILLE,
1019,ELEVATE CARE NORTH BRANCH LLC,
1020,JORDAN STRATEGIES LLC,
1021,BRIGHTSTAR CARE OF PEMBROKE PINES,
1022,ELEVATE CARE CHICAGO NORTH,
1023,SYMPHONY OF MORGAN PARK,
1024,WEC 99J 10 LLC,
1025,SETON HEALTH SYSTEM,
1026,WEC 99J 63 LLC,
1027,OLIVER WYMAN INC,
1028,COMMUNITY HEALTH PROGRAMS,
1029,SYMPHONY ENCORE,
1030,BROWN & BROWN CENTRAL MI,
1031,UNITED WAY OF SAN ANTONIO & BEXAR COUNTY,
1032,PRIME HHA LLC,
1033,THOMSON TAX & ACCT RESEARCH & GUIDA,
1034,NORTHERN RI CHAMBER OF COMMERCE,
1035,BOYS & GIRLS CLUBS OF BOSTON,
1036,ASCENSION MEDICAL GROUP MICHIGAN,
1037,COMMUNITY HEALTH PARTNERSHIP LLC,
1038,POSTAGE DUE CLERK / USPS,
1039,BROWN & BROWN OF FLORIDA INC,
1040,SYMPHONY AT MIDWAY,
1041,UFCW LOCAL 1776,
1042,DIMOCK COMMUNITY HEALTH CENTER INC,
1043,INFOR,
1044,LOCKTON MANAGEMENT LLC,
1045,ARC CVHRWMI001 LLC,
1046,GREATER PROVIDENCE CHAMBER OF COMME,
1047,INTEGRITY HC OF BELLEVILLE,
1048,BRIA OF PALOS HILLS,
1049,BRIGHTSTAR CARE OF MIAMI BEACH,
1050,ARCP MT INGLEWOOD CA LP,
1051,GREATER PHOENIX CHAMBER OF COMMERCE,
1052,HEMOPHILIA FNDTN OF S CALIFORNIA,
1053,BRIGHTSTAR OF FRIENDSWOOD,
1054,MERCER HEALTH HOME NURSING CARE,
1055,CONDUENT PAYMENT INTEGRITY SOLUTIONS INC,
1056,BOYS & GIRLS CLUBS OF AMERICA,
1057,BRIGHTSTAR CARE OF W VOLUSIA,
1058,OAK CAP VENTURES SPRING LLC,
1059,LEBANON VALLEY FAMILY MEDICINE INC,
1060,VALLEY OF THE SUN YMCA,
1061,UNITED WAY OF SOUTHEAST LOUISIANA,
1062,PEDIATRIC ASSOCIATES PLANTATION,
1063,BRIGHTSTAR OF BALTIMORE,
1064,PEDIATRIC ASSOCIATES TAMPA BAY,
1065,CINTAS 045P ROUTE 0004,
1066,FAMILY HEALTH CARE OF NORTHWEST OHI,
1067,"WELLCARE PRESCRIPTION INSURANCE, IN",
1068,TRANE U.S. INC,
1069,BHS PHYSICIANS NETWORK INC,
1070,WEC 99D 23 LLC,
1071,PITNEY BOWES RESERVE ACCT 36076701,
1072,BRIGHTSTAR NORTH SUBURBAN,
1073,AVALERE HEALTH INC,
1074,"OUR LADY, QUEEN MARTYRS CHURCH",
1075,CINTAS CORPORATIONS 111,
1076,ELSMERE FIRE PROTECTION DISTRICT,
1077,BRIGHTSTAR CARE MELBOURNE,
1078,LAW OFFICES OF STEPHENSON ACQUISTO & COLMAN CTA O/B/O,
1079,DANIEL G KAMIN CRAWFORDSVILLE LLC,
1080,BRIGHTSTAR THE DDC GROUP,
1081,"SECURITAS SECURITY SERVICES USA, IN",
1082,"INSIGHT STORAGE SOLUTIONS, INC",
1083,PITNEY BOWES PRSRT SRVS INC,
1084,GOODWILL OF CENTRAL & N AZ,
1085,NATIONAL ALLIANCE ON MENTAL ILLNESS OF NYC,
1086,BRIGHTSTAR FORESIDE MANAGEMENT,
1087,BANK OF AMERICA NA,
1088,FAMILY HEALTH CENTERS OF GEORGIA,
1089,UNITED WAY OF NEW YORK STATE,
1090,GL VIRGINIA ELIZABETH HOUSE LLC,
1091,NAMI CHICAGO,
1092,FEDEX FREIGHT,
1093,OUR LADY OF THE LAKE FOUNDATION,
1094,BRIGHTSTAR CARE OF GROSSE POINTE/SE,
1095,BRIGHSTAR CARE,
1096,BRIGHTSTAR CARE OF HOWELL,
1097,BRIGHTSTAR CARE OF FRIENDSWOOD,
1098,EXPERIAN MARKETING,
1099,SYMPHONY MAPLE CREST,
1100,ELEVATE CARE NILES,
1101,HERITAGE HEALTH ELGIN,
1102,APERION CARE WEST RIDGE,
1103,HCA FLORIDA OSCEOLA HOSPITAL,
1104,INFOR INC,
1105,WOLTERS KLUWER CLINICAL DRUG INFO,
1106,INGERSOLL RAND INDUSTRIAL,
1107,UNITED WAY OF THE NATIONAL CAPITAL AREA,
1108,UPMC JEFFERSON REGIONAL HH,
1109,ARAMARK REFRESHMENTS,
1110,SYMPHONY OF SOUTH SHORE,
1111,ARAMARK,
1112,BRIGHTSTAR OF BALTIMORE COUNTY,
1113,BRIGHTSTAR CARE OF CHARLESTON,
1114,GREATER BOSTON CHAMBER OF COMMERCE,
1115,METRO ATLANTA YMCA,
1116,NAMI ILLINOIS,
1117,REGENTS OF THE UNIVERSITY  OF CALIFORNIA,
1118,UNITED WAY OF CENTRAL WEST VIRGINIA INC,
1119,UNITED WAY OF LEE COUNTY,
1120,VISITING NURSE ASSOCIATION,
1121,BUCKTAIL MEDICAL CENTER,
1122,DBA BRIGHTSTAR CARE OF WEST,
1123,INTEGRITY HC OF ANNA,
1124,TRANE US INC,
1125,ABM PARKING SERVICES -HAWAII,
1126,OCEANS BEHAVIORAL HOSPITAL OF LAKE CHARLES LLC,
1127,APERION CARE WEST CHICAGO LLC,
1128,INTRADO ENTERPRISE COLLABORATION IN,
1129,CONSTITUTION STATE SERVICES LLC,
1130,GOODWILL INDUSTRIES OF THE CHESAPEA,
1131,BRIGHTSTAR CARE OF BEL AIR MD,
1132,TENNESSEE CHAMBER OF COMMERCE & INDUSTRY,
1133,SEDGWICK CLAIMS MANAGEMENT SERVICES INC,
1134,BRIGHSTAR CARE OF ESCONDIDO,
1135,CAPITAL AREA YMCA,
1136,SYMPHONY OF CHICAGO WEST,
1137,INTERIM HEALTHCARE OF OREGON,
1138,APERION CARE GLENWOOD LLC,
1139,MANCHESTER PEDIATRIC ASSOCIATES PC,
1140,THOMSON WEST,
1141,SYMPHONY NORTHWOODS,
1142,INTERIM,
1143,INTERIM HEALTHCARE OF SPOKANE INC,
1144,BRIA OF GENEVA,
1145,OCEANS BEHAVIORAL HOSPITAL OF LAFAYETTE LLC,
1146,BURLINGTON FIRE PROTECTION DISTRICT,
1147,MEDICAL FACILITIES OF AMERICA XLVIII LP,
1148,VERIZON CREDIT INC,
1149,BRIGHTSTAR SPARTANBURG,
1150,CHRISTUS HOMECARE ST PATRICK,
1151,BRIGHTSTAR CARE - CUMMING/GAINESVIL,
1152,BRIGHTSTAR HEATHCARE,
1153,ENVOY OF WILLIAMSBURG LLC,
1154,YMCA OF ITHACA & TOMPKINS COUNTY,
1155,OCEANS BEHAVIORAL HOSPITAL OF KENTWOOD LLC,
1156,BRIGHTSTAR OF PINELLAS COUNTY,
1157,MERCER HUMAN RESOURCE CONSULTING,
1158,INTEGRITY HC OF MARION,
1159,BRIGHTSTAR CARE OF E JACKSONVILLE,
1160,GREAT LAKES HEMOPHILIA FOUNDATION,
1161,ENVOY OF FOREST HILLS LLC,
1162,REGENTS UNIVERSITY CALIFORNIA,
1163,MEDICAL FACILITIES OF AMERICA X & XLVII LP,
1164,AVALERE,
1165,INTEGRITY HC OF ALTON,
1166,CINTAS CORPORATION 143,
1167,BRIGHTSTAR CARE OF BAY COUNTY,
1168,INTERIM HEALTHCARE OF THE TRIAD INC,
1169,INTERIM HEALTHCARE OF PITTSBURGH,
1170,ELEVATE CARE IRVING PARK,
1171,BRIA OF CAHOKIA,
1172,BRIGHTSTAR CARE OF NORTH SEATTLE,
1173,SCP 2001A CSF 21 LLC,
1174,PRIME HEALTHCARE SERVICES,
1175,INTEGRITY HC OF CARBONDALE,
1176,NAMI,
1177,WALTON FIRE PROTECTION DISTRICT,
1178,MEDICAL FACILITIES OF AMERICA VIII LP,
1179,CHRISTUS HEALTH SOUTHEAST TEXAS,
1180,NABP VAWD (L),
1181,BRIGHTSTAR BSH DENVER,
1182,BRIGHTSTAR CARE OF NORTH CENTRAL,
1183,EXPERIAN,
1184,UFCW ACTIVE BALLOT CLUB,
1185,CARDINAL HEALTHCARE PLLC,
1186,ARIZONA CHAMBER OF COMMERCE,
1187,UNITED WAY OF METROPOLITAN CHICAGO,
1188,BRIGHTSTAR CARE OF COLUMBIA,
1189,REGENTS OF THE UNIVERSITY OF CA,
1190,NORTH SHORE COMMUNITY HEALTH CENTER,
1191,BLEEDING DISORDERS ASSOC,
1192,APERION CARE ELGIN LLC,
1193,MEDICAL FACILITIES OF AMERICA XVI & XXIV LP,
1194,INTEGRITY HC OF COBDEN,
1195,BRIGHTSTAR CARE OF STERLING HEIGHTS,
1196,FAMILY HEALTH CTRS SAN DIEGO INC,
1197,HERITAGE HEALTH LITCHFIELD,
1198,BRIGHTSTAR CARE OF TAMPA & SUN CITY,
1199,OAK CAP VENTURES GREENVILLE LLC,
1200,SECURITAS SECURITY SERVICE OF P RIC,
1201,BOYS & GIRLS CLUB GTR BATON ROUGE,
1202,PEDIATRIC ASSOCIATES OF KINGSTON LLC,
1203,BRIGHTSTAR AMENDMENTS GROUP,
1204,APERION CARE CAPITOL LLC,
1205,HIGHVIEW FIRE PROTECTION DISTRICT,
1206,AT&T / 995,
1207,ASHEVILLE AREA CHAMBER OF COMMERCE,
1208,REPUBLIC SERVICES 097,
1209,VNA HOME HEALTH SERVICES,
1210,INTERIM HEALTHCARE OF DELAWARE,
1211,INTERIM HEALTHCARE OF NW FL,
1212,VISITING NURSE ASSOC FOX VALLEY,
1213,MASTER DATA CENTER,
1214,ELEVATE CARE COUNTRY CLUB HILL,
1215,MEDICAL FACILITIES OF AMERICA IV & IX LP,
1216,SYMPHONY OF LINCOLN PARK,
1217,INTERIM HEALTHCARE OF FORT WAYNE,
1218,PARAMOUNT LMS MANAGER LLC WINDSOR,
1219,INTERIM HEALTH CARE,
1220,HCA FLORIDA KENDALL HOSPITAL,
1221,UTAH CHAPTER NATL HEMOPHILIA FNDTN,
1222,NAMI LOUISVILLE INC,
1223,ARAMARK UNIFORM SERVICE,
1224,HEMOPHILIA FOUNDATION OF MARYLAND,
1225,VIRGINIA HEMOPHILIA FOUNDATION,
1226,MERCY   HOSPITAL,
1227,CINTAS CORP 840,
1228,MEDICAL FACILITIES OF AMERICA XXII LP,
1229,UNITED WAY OF CENTRAL,
1230,OKLAHOMA HEMOPHILIA FOUNDATION,
1231,MEDICAL FACILITIES OF AMERICA VII & XIV LP,
1232,HERITAGE HEALTH WALNUT,
1233,BLEEDING DISORDERS ALLIANCE ILLINOI,
1234,INTERIM HEALTHCARE OF THE UPSTATE,
1235,ADT COMMERCIAL,
1236,APERION CARE HIGHWOOD,
1237,BRIGHTSTAR CARE OF CARY,
1238,MEDICAL FACILITIES OF AMERICA LXXVI LP,
1239,BRIGHTSTAR CARE OF MISSOURI CITY,
1240,PEDIATRIC ASSOCIATES (VA),
1241,US POSTAL SERVICE,
1242,GL VIRGINIA ROSE HILL LLC,
1243,MINNESOTA CHAMBER OF COMMERCE,
1244,HEMOPHILIA FOUNDATION OF ARKANSAS,
1245,YMCA OF GREATER RICHMOND,
1246,BRIGHTSTAR OF CHARLOTTESVILLE,
1247,SECURITAS SECURITY SERVICES,
1248,BRIGHTSTAR OF TRAVERSE CITY,
1249,FERN CREEK FIRE PROTECTION DISTRICT,
1250,GOODWILL KEYSTONE AREA,
1251,PITNEY BOWES CREDIT CORP,
1252,HEMOPHILIA FOUNDATION OF MICHIGAN,
1253,BRIGHTSTAR CARE OF W. PORTLAND,
1254,CINTAS FIRE 636525,
1255,CINTAS CORPORATION 212,
1256,PEDIATRIC ASSOCIATES OF WESTMOREL& LTD,
1257,MEDICAL FACILITIES OF AMERICA I & II LP,
1258,LOUISIANA HEMOPHILIA FOUNDATION,
1259,ARAMARK UNIFORM,
1260,MERCER HEALTH & BENEFITS ADMNSTRTN LLC,
1261,OAK CAP VENTURES ALPHARETTA LLC,
1262,CINTAS CORPORATION NO. 2,
1263,BRIGHTSTAR CARE OF FRAMINGHAM,
1264,INTERIM HEALTHCARE SE INDIANA,
1265,OCEANS BEHAVIORAL HOSPITAL OF BATON ROUGE LLC,
1266,ADT SECURITY SERVICE INC,
1267,HEMOPHILIA FOUNDATION OF MN DKTS,
1268,OCEANS BEHAVIORAL HOSPITAL OF ALEXANDRIA LLC,
1269,YOUNG MENS CHRISTIAN ASSOC GREATER SAN ANTONIO,
1270,LITTLE EGG BOND BALLY LLC,
1271,BRIGHTSTAR OF NORTH SARASOTA,
1272,INTERIM HEALTHCARE OF CINCI INC,
1273,ADVENTHEALTH TAMPA,
1274,THE REGENTS OF THE UNIVERSITY OF CALIFORNIA SAN DIEGO,
1275,GREATER RALEIGH CHAMBER OF COMMERCE,
1276,UNITED WAY OF MIAMI DADE,
1277,PITNEY BOWES GLOBAL FINANCIAL SERVI,
1278,FAMILY HEALTH CENTERS OF SAN DIEGO INC,
1279,BRIGHTSTAR CARE OF WILMINGTON,
1280,EXCHANGERIGHT NLP 49,
1281,GL VIRGINIA MARTINSVILLE LLC,
1282,BRIGHTSTAR OF THE MID CITIES,
1283,WOLTERS KLUWER CLINICAL DRUG,
1284,UNITED STATES POSTAL SERVICE- NATIONAL CUSTOMER SUPPORT CENTER,
1285,OCEANS BEHAVIORAL HOSPITAL OF OPELOUSAS LLC,
1286,MERCY HOSPITAL BOONEVILLE,
1287,INTERIM HEALTHCARE OF CENTRAL GEORG,
1288,NORTHERN OHIO HEMOPHILIA FOUNDATION,
1289,BRIGHTSTAR NW INDIANOPOLIS,
1290,INTERIM HEALTHCARE OF SYRACUSE,
1291,KENTUCKY HEMOPHILIA FOUNDATION,
1292,MEDICAL FACILITIES OF AMERICA V & XV LP,
1293,METRO ATLANTA CHAMBER OF COMMERCE,
1294,DEACONESS VNA PLUS LLC,
1295,COMMUNITY HEALTH RESOURCES INC,
1296,ENVOY OF LAWRENCEVILLE LLC,
1297,UFCW LOCAL 648,
1298,SCP 2007-C26-001/CASA GRANDE SAND R,
1299,ALOHA UNITED WAY INC,
1300,ARAMARK SERVICES INC,
1301,BAPTIST HEALTH SOUTH FLORIDA FOUNDATION INC,
1302,BOYS & GIRLS CLUB OF BENTON HARBOR,
1303,FLORIDA CHAMBER OF COMMERCE INC,
1304,MIDDLESEX COUNTY CHAMBER OF COMMERCE,
1305,NAMI SAN DIEGO,
1306,OHIO ALLIANCE OF YMCAS FOUNDATION,
1307,UNITED WAY FOR SOUTHEASTERN MICHIGA,
1308,VIRGINIA CHAMBER OF COMMERCE,
1309,CALIFORNIA HISPANIC CHAMBERS OF COMMERCE,
1310,BRIGHTSTAR CARE OVERLAND PARK,
1311,UNION FIRE PROTECTION DISTRICT,
1312,BRIGHTSTAR OF N. BUCKS CO. & LANSDA,
1313,BRIGHTSTAR CARE OF CEDAR RAPIDS,
1314,MEDICAL FACILITIES OF AMERICA XIX LP,
1315,BRIGHTSTAR CARE OF SCOTTSDALE,
1316,HERITAGE HEALTH NORMAL,
1317,BRIGHTSTAR OF CHICAGO & LAGRANGE,
1318,GREATER KANSAS CITY CHAMBER OF COMMERCE,
1319,HERITAGE HEALTH STREATOR,
1320,MERCY HOSPITAL COLUMBUS,
1321,FAMILY HEALTH CENTERS OF SAN DIEGO,
1322,BRIGHTSTAR CARE OF CORAL GABLES,
1323,HEMOPHILIA FOUNDATION OF,
1324,ENVOY OF GOOCHLAND LLC,
1325,MEDICAL FACILITIES OF AMERICA XLI LP,
1326,BRIGHTSTAR CARE OF SOUTH,
1327,JACKSONVILLE REGIONAL CHAMBER OF COMMERCE,
1328,GL VIRGINIA POQUOSON LLC,
1329,LOCKTON COMPANIES LLC PACIFIC SERIES,
1330,INTERIM HEALTHCARE OF ELMHURST,
1331,CINTAS CORP LOCATION 338,
1332,SOUTH CAROLINA CHAMBER OF COMMERCE,
1333,HEMOPHILIA OF NORTH CAROLINA,
1334,MERCY HOSPITAL OKLAHOMA CITY INC,
1335,INTERIM HEALTHCARE OF NY,
1336,"COLE PROPERTIES & INVESTMENTS, INC",
1337,CHRISTUS ST FRANCIS CABRINI HOSPITA,
1338,MERCY HEALTH SYSTEM CORP,
1339,RGAC ENTERPRISES INC,
1340,"INTERIM HEALTH CARE OF WICHITA, INC",
1341,PITNEY BOWES GLOBAL FINANCIAL SERVICES INC,
1342,SSM HEALTH ST. JOSEPH HOSPITAL - ST,
1343,BRIGHTSTAR CARE OF S GREENSBORO,
1344,MERCY HOSPITAL AND MEDICAL CENTER,
1345,MEDICAL FACILITIES OF AMERICA VI & XIII LP,
1346,MEDICAL FACILITIES OF AMERICA LIV LP,
1347,PRIME HEALTHCARE PARADISE VALLEY LLC,
1348,GREATER TAMPA CHAMBER OF COMMERCE INC,
1349,BOYS AND GIRLS CLUB OF HARLEM,
1350,CHICAGOLAND CHAMBER OF COMMERCE,
1351,INDIANA CHAMBER OF COMMERCE FOUNDAT,
1352,MA LGBT CHAMBER OF COMMERCE,
1353,MEDICAL FACILITIES OF AMERICA XXIV & XXXV LP,
1354,HERITAGE HEALTH SYSTEMS OF NEW YORK,
1355,MEDICAL FACILITIES OF AMERICA IL LP,
1356,BRIGHTSTAR CARE OF GREATER WAUKESHA,
1357,MERCY HEALTH ST MARYS,
1358,CINTAS CORPORATION 731,
1359,OUR LADY OF CALVARY,
1360,COMMUNITY HEALTH NET,
1361,OCEANS BEHAVIORAL HOSPITAL OF DERIDDER LLC,
1362,HEMOPHILIA FOUNDATION OF OREGON,
1363,INTERIM HEALTHCARE OF SEO INC,
1364,THE GOODWILL INDUSTRIES OF AKRON OHIO INC,
1365,ASCENSION MEDICAL GROUP SACRED HEART,
1366,YMCA,
1367,"MARSH SALDANA, INC",
1368,CINTAS CORPORATION 150,
1369,YMCA OF FLORIDAS FIRST COAST INC,
1370,GL VIRGINIA ALLEGHANY LLC,
1371,NAMI SACRAMENTO,
1372,BRIGHTSTAR CARE OF W SIMINOLE CNTY,
1373,BRIGHTSTAR CARE OF BIRMINGHAM MI,
1374,GREATER WILKESBARRE CHAMBER,
1375,CHRISTUS HOMECARE SPOHN,
1376,APERION CARE WESTCHESTER,
1377,CCH INC,
1378,GL VIRGINIA FREDERICKSBURG LLC,
1379,BAPTIST HEALTH MEDICAL GROUP INC,
1380,WORCESTER REGIONAL CHAMBER OF COMMERCE INC,
1381,MERCY HOSPTIAL WALDRON,
1382,WEC 99J 77 LLC,
1383,HEMOPHILIA ALLIANCE OF MAINE,
1384,HEMOPHILIA OF IOWA,
1385,BRIGHTSTAR SOLOFF,
1386,MEDICAL FACILITIES OF AMERICA XLVI LP,
1387,UPMC COMMUNITY INC,
1388,PITNEY BOWES PRESORT SERVICES LLC,
1389,CHAMBER COMMERCE GREATER PHILADELPH,
1390,BRIGHTSTAR HEALTHCARE (VA),
1391,WILLIS OF ALABAMA INC,
1392,SYMPHONY OF BUFFALO GROVE,
1393,BRIGHTSTAR CARE OF TROY,
1394,BLEEDING DISORDER FOUNDATION OF,
1395,HEMOPHILIA FOUNDATION OF GREATER FL,
1396,PNC EQUIPMENT FINANCE,
1397,PITNEY BOWES PURCHASE POWER,
1398,BRIGHTSTAR OF PEMBROKE PINES,
1399,MEDICAL FACILITIES OF AMERICA XL LP,
1400,APERION CARE BRADLEY,
1401,HEMOPHILIA OUTREACH OF EL PASO,
1402,NAMI LOUISIANA INC,
1403,ARC OF WASHINGTON COUNTY INC THE,
1404,SYMPHONY EVANSTON HEALTHCARE,
1405,SYMPHONY OF BRONZEVILLE,
1406,CHRISTUS HOMECARE,
1407,HCA FLORIDA POINCIANA HOSPITAL,
1408,BRIGHTSTAR CARE OF CORONADO,
1409,ENVOY OF WINCHESTER LLC,
1410,HERITAGE HEALTH GILLESPIE,
1411,"BRIGHTSTAR OF HOWELL & ANN ARBOR, M",
1412,RGH ENTERPRISES INC,
1413,BRIGHTSTAR OF GLENDALE,
1414,NEW ALBANY AREA CHAMBER OF COMMERCE,
1415,THE BOYS & GIRLS CLUBS OF SOUTH CENTRAL KANSAS,
1416,CHRISTUS SPOHN HOSPITAL KLEBERG,
1417,RISK STRATEGIES CONSULTING INC,
1418,ASCENSION BORGESS HOSPITAL,
1419,UNITED WAY OF GREATER ST LOUIS,
1420,BRIA OF BELLEVILLE,
1421,HERITAGE HEALTH SOLUTIONS,
1422,HERITAGE HEALTH MT STERLING,
1423,VIA CHRISTI HOSPITALS WICHITA INC,
1424,HERITAGE HEALTH CARLINVILLE,
1425,INTEGRITY HC OF WOOD RIVER,
1426,BRIGHSTAR CARE OF EDMOND,
1427,GREATER SEATTLE CHAMBER OF COMMERCE,
1428,MEDICAL FACILITIES OF AMERICA XLII LP,
1429,MERCER LIMITED,
1430,ASCENSION INSURANCE,
1431,BAPTIST HEALTH FOUNDATION,
1432,BOYS & GIRLS CLUB OF TRUCKEE MEADOWS,
1433,BOYS & GIRLS CLUBS OF CENTRAL FLORIDA,
1434,BOYS & GIRLS CLUBS OF GREATER AUGUSTA INC,
1435,NATIONAL ALLIANCE ON MENTAL ILLNESS INC,
1436,UNITED WAY OF CENTRAL MA,
1437,UNITED WAY OF GREATER KANSAS CITY,
1438,YMCA OF HAGERSTOWN,
1439,HEMOPHILIA OF SOUTH CAROLINA,
1440,GILBERT CHAMBER OF COMMERCE FOUNDATION,
1441,WOLTERS KLUWER,
1442,TRION,
1443,ARC OF HOWARD COUNTY INC,
1444,BRIGHTSTAR CARE CUMMING GAINESVILE,
1445,BRIGHTSTAR CARE OF SPRING HILL,
1446,CLINICAL DRUG INFORMATION LLC,
1447,OUR LADY OF THE ASSUMPTION CHURCH,
1448,3P HEALTH LLC,
1449,MEDICAL FACILITIES OF AMERICA LI LP,
1450,SYMPHONY OF HANOVER PARK,
1451,MEDICAL FACILITIES OF AMERICA XI LP,
1452,SCHMIDT PRINTING,
1453,AT&T 995,
1454,BRIGHTSTAR CARE OF BELLEVUE & NORTH,
1455,BRIGHTSTAR CARE WILLIAMSBURG,
1456,HEALTHFIRST MEDICAL GROUP LLC,
1457,HCA FLORIDA PLANTATION HOSPITAL,
1458,VERONA FIRE PROTECTION DISTRICT,
1459,HERITAGE HEALTH DWIGHT,
1460,BRIGHTSTAR OF DELRAY BEACH,
1461,INTEGRITY HC OF COLUMBIA,
1462,YMCA OF W CENT FL,
1463,ENVOY OF FORK UNION LLC,
1464,BRIGHTSTAR SUGAR LAND,
1465,HCA FLORIDA LAKE MONROE HOSPITAL,
1466,UNITED WAY OF CENTRAL & NORTHEASTERN CT,
1467,GL VIRGINIA SHENANDOAH LLC,
1468,ADVENTHEALTH SEBRING,
1469,CINTAS CORPORATION OH,
1470,BLEEDING DISORDER FOUNDATION OF WA,
1471,NAMI VIRGINIA,
1472,VNA OF WESTERN PA,
1473,ADT SECURITY CORPORATION,
1474,GEORGIA CHAMBER OF COMMERCE,
1475,NABP DISTRICT III-,
1476,YMCA OF METROPOLITAN HARTFORD INC,
1477,OUR LADY OF THE LAKE ASCENSION LLC,
1478,BRIGHTSTARCARE OF NORTH BUCKS COUNT,
1479,BAPTIST HEALTH REGIONAL HOSPITALS,
1480,MEDICAL FACILITIES OF AMERICA XXXVIII LP,
1481,MICHIGAN CHAMBER OF COMMERCE,
1482,INDEPENDENCE MEDICAL,
1483,MEDICAL FACILITIES OF AMERICA LIII LP,
1484,ENVIRONMENTAL QUALITY COMPANY,
1485,COMMUNITY HEALTH PARTNERSHIP OF ILLINOIS,
1486,PEDIATRIC ASSOCIATES OF MANHATTAN,
1487,INTERIM HEALTHCARE OF THE TREASURE COAST,
1488,UNITED WAY OF GREATER TOLEDO,
1489,MERCY HOSPITAL PARIS,
1490,NABP DISTRICT III-,
1491,ARAMARK CORPORATION,
1492,MEDICAL FACILITIES OF AMERICA L LP,
1493,CINTAS CORPORATION 163,
1494,BRIGHTSTAR CARE OF PHOENIX,
1495,"BUCKEYE COMMUNITY HEALTH PLAN, INC.",
1496,CINTAS CORPORATION 394,
1497,BLEEDING DISORDERS ALLIANCE ILLINOIS-,
1498,HAMILTON AREA YMCA,
1499,HERITAGE HEALTH EL PASO,
1500,BRIGHTSTAR CARE OF FRAMINGHAM MILFO,
1501,FEDEX CUSTOM CRITICAL,
1502,POINT PLEASANT FIRE PROTECTION DISTRICT,
1503,VNA OF ERIE COUNTY CERTIF,
1504,WILLIS TOWERS WATSON INSURANCE SERVICES WEST,
1505,VISITING NURSES,
1506,CINTAS 769,
1507,CCH INCORPORATED,
1508,UPMC ALTOONA,
1509,BRIGHTSTAR TIDEWATER HLTHCR SRVC IN,
1510,ALEXIAN BROTHERS HOSPICE,
1511,PEDIATRIC ASSOCIATES OF PLYMOUTH,
1512,MAINE STATE CHAMBER OF COMMERCE,
1513,HCA FLORIDA AVENTURA HOSPITAL,
1514,ADVENTHEALTH HEART OF FLORIDA,
1515,AT&T SERVICES INC,
1516,BOYS & GIRLS CLUB OF BARTLESVILLE,
1517,BOYS CLUB OF GREATER KANSAS CITY,
1518,CAPITAL AREA UNITED WAY,
1519,FAMILY HEALTH CARE MEDICAL CENTER INC,
1520,NABP AACP DISTRICT 1,
1521,"NABP DISTRICT 6, INC.",
1522,NABP DISTRICT III-,
1523,NAMI COLORADO,
1524,UFCW HEALTH & WELFARE FUND OF NORTHEASTERN PENNSYLVANIA,
1525,UNITED STATES HISPANIC CHAMBER OF COMMERCE,
1526,UNITED WAY ANCHORAGE,
1527,UNITED WAY OF NORTHWEST LOUISIANA,
1528,UNITED WAY PUERTO RICO,
1529,WEC 99J-72 LLC,
1530,KIMCO HORSHAM LP SPAH1337A-LCVS///0,
1531,PNC BANK 1008175985 HERMAN LIPSITZ,
1532,TAYLOR CORPORATION,
1533,LEXISNEXIS RISK SOLUTIONS INC,
1534,SSM ST MARY'S HOSPITAL,